,ItemID,ItemName,RecordID,UserID,UserName,X-Coordinate,Y-Coordinate
0,132,Monitor,1,2,nakamura,-0.3947260361,0.6715334134
1,5,Shoes,1,2,nakamura,0.4527984295,-0.3065514194
2,100,Projector,1,2,nakamura,-0.5390173964,0.6591491325
3,69,Cable,1,2,nakamura,-0.5121717724,0.1804148334
4,6,Slipper,1,2,nakamura,0.5795521826,-0.4009424095
5,71,Box,1,2,nakamura,0.6318764148,-0.0959735078
6,139,Teapot,1,2,nakamura,0.0650843405,0.6402242355
7,78,LED,1,2,nakamura,-0.769144342,0.3576869224
8,39,Towel,2,2,nakamura,-0.0218775051,-0.6645128031
9,196,Calender,2,2,nakamura,-0.6020753289,0.5766526754
10,95,Marker Pen,2,2,nakamura,-0.3121792821,0.586946923
11,11,Bed,2,2,nakamura,-0.2408189193,-0.7006992593
12,56,Key Chain,2,2,nakamura,-0.3389376546,0.3275693049
13,131,Camera,2,2,nakamura,0.3614363767,0.084858458
14,145,Trash Bin,2,2,nakamura,-0.7969897725,-0.3090743604
15,192,Briefcase,2,2,nakamura,0.2585008637,-0.2884056291
16,51,Smoke detector,3,2,nakamura,-0.4345169934,0.8132230066
17,46,Water Bottle,3,2,nakamura,0.2558722973,0.0801896455
18,129,Battery,3,2,nakamura,-0.4986622642,0.4953275711
19,30,Plate,3,2,nakamura,0.14657557,-0.2205304752
20,169,Stamp,3,2,nakamura,-0.6755756096,0.0235894578
21,163,Tissue,3,2,nakamura,-0.5105980466,-0.3085392808
22,41,Switch,3,2,nakamura,-0.67887678,0.5295089752
23,76,Earphone,3,2,nakamura,-0.36467286,0.3637257589
24,173,Calculator,4,2,nakamura,-0.1022393587,-0.5301694619
25,18,Smartphone,4,2,nakamura,-0.0635171617,0.1218350382
26,165,Printer,4,2,nakamura,0.1634649782,0.1195208832
27,176,Television,4,2,nakamura,0.0197142023,-0.1994363101
28,47,Remote,4,2,nakamura,-0.1612893365,-0.2205785986
29,179,Wallet,4,2,nakamura,-0.4399637056,-0.8098768181
30,58,Fridge,4,2,nakamura,0.2985825907,-0.4518550082
31,112,Heat Sink,4,2,nakamura,0.6844745225,-0.0894926733
32,17,Laptop,5,2,nakamura,-0.518993933,-0.182991638
33,125,RAM,5,2,nakamura,-0.6741938177,-0.3539609876
34,7,Mirror,5,2,nakamura,0.2884837707,0.3457869108
35,185,Scissors,5,2,nakamura,0.0688374795,0.2168947927
36,1,Bag,5,2,nakamura,-0.1924668354,-0.3277103613
37,149,Vending Machine,5,2,nakamura,0.5182129449,-0.4815617389
38,188,Toothbrush,5,2,nakamura,0.0937307243,0.5040807679
39,79,Adapter,5,2,nakamura,-0.5452281527,0.0728891509
40,31,Brush,6,2,nakamura,0.5498555419,-0.3343338061
41,94,Whiteboard,6,2,nakamura,-0.2252344431,-0.3389586254
42,204,Microwave,6,2,nakamura,-0.1154686075,0.4138057478
43,175,Desktop,6,2,nakamura,-0.4939483497,-0.2728734435
44,160,Spray,6,2,nakamura,0.4300835126,-0.5696361206
45,127,Hard Disk,6,2,nakamura,-0.6099755544,-0.1321828951
46,110,Floor Sweeper,6,2,nakamura,0.5362971469,0.1877080796
47,130,Microphone,6,2,nakamura,-0.6723109413,-0.3450647803
48,126,FLASH Memory,7,2,nakamura,0.5423275566,0.1250654957
49,70,Tape,7,2,nakamura,-0.5374046936,0.5579248573
50,209,Umbrella,7,2,nakamura,-0.0729525697,-0.2477359592
51,206,Chopsticks,7,2,nakamura,-0.1044821528,-0.6919179067
52,121,Motor,7,2,nakamura,0.0807087438,0.7279929565
53,210,Rice Cooker,7,2,nakamura,0.1196480213,-0.6708695124
54,67,Mouse,7,2,nakamura,0.7097244863,0.1950039603
55,167,Heater,7,2,nakamura,0.1374562484,-0.2308712919
56,48,Air Conditioner,8,2,nakamura,0.8400373045,-0.3162852096
57,37,Rubber,8,2,nakamura,0.108374433,-0.4460192884
58,53,Sketch Pen,8,2,nakamura,-0.0206960656,-0.579622681
59,136,Cup,8,2,nakamura,0.1084735235,0.8013670803
60,20,Bottle,8,2,nakamura,-0.1081715746,0.7422214788
61,195,Glasses,8,2,nakamura,-0.1080938599,-0.1015245733
62,211,Induction Cooker,8,2,nakamura,0.3102041527,0.7278661534
63,66,Keyboard,8,2,nakamura,-0.2338157974,-0.5383815637
64,47,Remote,9,2,nakamura,0.0092726007,0.0713988563
65,131,Camera,9,2,nakamura,-0.0930178395,0.5533226091
66,66,Keyboard,9,2,nakamura,-0.5703299592,0.3245268406
67,125,RAM,9,2,nakamura,-0.6958975397,0.4919518976
68,7,Mirror,9,2,nakamura,0.7634142798,0.0141946248
69,17,Laptop,9,2,nakamura,-0.519548656,0.551011266
70,58,Fridge,9,2,nakamura,0.752940212,0.6129449145
71,132,Monitor,9,2,nakamura,-0.6284945624,0.730355204
72,94,Whiteboard,10,2,nakamura,-0.5853699414,-0.1098799185
73,126,FLASH Memory,10,2,nakamura,-0.34702962,0.3696137282
74,129,Battery,10,2,nakamura,-0.1135182129,0.658856709
75,6,Slipper,10,2,nakamura,0.250522469,-0.7913353232
76,95,Marker Pen,10,2,nakamura,-0.5279216635,-0.3654889625
77,139,Teapot,10,2,nakamura,0.7900381864,0.1314824352
78,163,Tissue,10,2,nakamura,0.615676539,0.5054640836
79,169,Stamp,10,2,nakamura,0.248331286,0.7988807549
80,18,Smartphone,11,2,nakamura,-0.6277631244,0.4350470112
81,53,Sketch Pen,11,2,nakamura,0.0760820928,0.1559234226
82,46,Water Bottle,11,2,nakamura,0.6558970983,-0.2216092292
83,76,Earphone,11,2,nakamura,-0.8192557348,0.3564671004
84,149,Vending Machine,11,2,nakamura,0.623536425,-0.4718380943
85,130,Microphone,11,2,nakamura,-0.7018372768,0.6508712855
86,11,Bed,11,2,nakamura,0.0284877839,-0.4822246943
87,185,Scissors,11,2,nakamura,-0.6985539791,-0.6669728399
88,79,Adapter,12,2,nakamura,0.6891026983,0.3948647496
89,31,Brush,12,2,nakamura,-0.5123346251,0.643029328
90,192,Briefcase,12,2,nakamura,0.0259165129,0.2524119527
91,188,Toothbrush,12,2,nakamura,-0.6300229287,0.3819968541
92,70,Tape,12,2,nakamura,0.5221704138,-0.3035772036
93,20,Bottle,12,2,nakamura,-0.5544480431,-0.3400215447
94,175,Desktop,12,2,nakamura,0.5587171275,0.6337560133
95,5,Shoes,12,2,nakamura,0.0190480402,0.8246757975
96,56,Key Chain,13,2,nakamura,-0.2062085073,0.5603171197
97,196,Calender,13,2,nakamura,0.1618234334,-0.5446148628
98,30,Plate,13,2,nakamura,0.0352877374,0.5623875802
99,195,Glasses,13,2,nakamura,0.5261291227,0.2227675407
100,209,Umbrella,13,2,nakamura,-0.1102124332,-0.5465250665
101,112,Heat Sink,13,2,nakamura,-0.6464445054,0.1225381922
102,37,Rubber,13,2,nakamura,0.0162154456,-0.0242902366
103,41,Switch,13,2,nakamura,-0.6579310191,0.3605954819
104,165,Printer,14,2,nakamura,0.1849653107,-0.1995957518
105,100,Projector,14,2,nakamura,0.13635654,0.1842474822
106,211,Induction Cooker,14,2,nakamura,-0.1227785916,0.7663623783
107,51,Smoke detector,14,2,nakamura,-0.4944261636,0.7618809919
108,127,Hard Disk,14,2,nakamura,-0.2359743852,-0.054770415
109,179,Wallet,14,2,nakamura,-0.7166728823,-0.1631217349
110,69,Cable,14,2,nakamura,0.026918406,-0.0140788875
111,173,Calculator,14,2,nakamura,-0.3975792321,0.1140113287
112,48,Air Conditioner,15,2,nakamura,0.1605213791,0.112128969
113,78,LED,15,2,nakamura,-0.7037245208,0.3288822228
114,160,Spray,15,2,nakamura,-0.5190979827,-0.5354883431
115,145,Trash Bin,15,2,nakamura,0.6325411485,-0.2834358986
116,204,Microwave,15,2,nakamura,0.4195127937,0.4754790907
117,210,Rice Cooker,15,2,nakamura,0.5740252654,0.3028502223
118,67,Mouse,15,2,nakamura,-0.4507979519,0.4820242884
119,110,Floor Sweeper,15,2,nakamura,0.4743440324,-0.5636736178
120,206,Chopsticks,16,2,nakamura,0.30655948,0.5361470686
121,136,Cup,16,2,nakamura,0.4780172983,0.4497755515
122,39,Towel,16,2,nakamura,0.5389764871,-0.4237868616
123,167,Heater,16,2,nakamura,-0.6746688683,0.438333842
124,121,Motor,16,2,nakamura,-0.4712625474,0.4315987628
125,176,Television,16,2,nakamura,-0.5525056551,-0.2809986154
126,71,Box,16,2,nakamura,-0.1140522137,-0.8120247916
127,1,Bag,16,2,nakamura,0.2070604818,-0.8022626491
128,51,Smoke detector,17,2,nakamura,-0.1235661416,0.7588328652
129,30,Plate,17,2,nakamura,0.6565013516,0.5186837486
130,46,Water Bottle,17,2,nakamura,0.4944596855,0.6801922512
131,6,Slipper,17,2,nakamura,-0.2422161753,-0.6717648649
132,56,Key Chain,17,2,nakamura,-0.6769171505,0.1024445962
133,70,Tape,17,2,nakamura,-0.6571057003,0.4263229549
134,206,Chopsticks,17,2,nakamura,0.4468672273,0.3769507089
135,17,Laptop,17,2,nakamura,0.5044563037,-0.5556012544
136,37,Rubber,18,2,nakamura,0.5592152792,0.4701275599
137,95,Marker Pen,18,2,nakamura,0.4211230397,0.6953321018
138,71,Box,18,2,nakamura,-0.6045825652,-0.438175659
139,100,Projector,18,2,nakamura,-0.3325468178,0.417816974
140,160,Spray,18,2,nakamura,-0.0585163412,-0.7449160894
141,125,RAM,18,2,nakamura,-0.5188320506,0.5314556672
142,139,Teapot,18,2,nakamura,0.5208639952,-0.5987669772
143,130,Microphone,18,2,nakamura,-0.342480736,0.6936499353
144,136,Cup,19,2,nakamura,0.5796147504,0.4460754074
145,31,Brush,19,2,nakamura,-0.0391007533,-0.3377829833
146,5,Shoes,19,2,nakamura,0.2279127191,-0.6022717329
147,196,Calender,19,2,nakamura,-0.3358532126,0.749154471
148,66,Keyboard,19,2,nakamura,-0.8055514017,-0.0648752482
149,192,Briefcase,19,2,nakamura,-0.0800911749,-0.7800511871
150,76,Earphone,19,2,nakamura,-0.7450478123,-0.4187988339
151,58,Fridge,19,2,nakamura,0.6630257694,0.0439904941
152,132,Monitor,20,2,nakamura,0.5479264304,0.38281361
153,69,Cable,20,2,nakamura,0.5842634911,0.0758487003
154,121,Motor,20,2,nakamura,0.5400858203,-0.4756770049
155,179,Wallet,20,2,nakamura,-0.0323280538,0.3767481253
156,41,Switch,20,2,nakamura,0.8364084969,-0.3617305083
157,163,Tissue,20,2,nakamura,-0.2140643872,0.2036861739
158,188,Toothbrush,20,2,nakamura,-0.2455227782,0.5005986703
159,18,Smartphone,20,2,nakamura,0.3334737194,0.3831188682
160,53,Sketch Pen,21,2,nakamura,0.0606719304,0.2432646977
161,110,Floor Sweeper,21,2,nakamura,-0.6925944755,0.5265340857
162,11,Bed,21,2,nakamura,-0.7461360395,-0.5471825983
163,175,Desktop,21,2,nakamura,0.1911065419,-0.2411601212
164,165,Printer,21,2,nakamura,-0.0412808041,-0.2303804454
165,176,Television,21,2,nakamura,0.3939905429,-0.5756034409
166,78,LED,21,2,nakamura,0.5767153818,0.2389028592
167,67,Mouse,21,2,nakamura,0.2750360596,-0.0073175403
168,185,Scissors,22,2,nakamura,0.1288251845,0.3454084915
169,79,Adapter,22,2,nakamura,-0.7611052438,-0.242750227
170,211,Induction Cooker,22,2,nakamura,0.3558709133,-0.6872397735
171,131,Camera,22,2,nakamura,-0.5084059253,-0.0874806938
172,94,Whiteboard,22,2,nakamura,0.3271118084,0.7020980822
173,145,Trash Bin,22,2,nakamura,0.432182522,0.2778746208
174,20,Bottle,22,2,nakamura,0.6065330403,-0.1647306941
175,112,Heat Sink,22,2,nakamura,-0.7716171062,0.0202072812
176,169,Stamp,23,2,nakamura,-0.452640038,0.245908431
177,47,Remote,23,2,nakamura,0.4421816914,0.4230438765
178,1,Bag,23,2,nakamura,-0.6967719257,0.2349378899
179,129,Battery,23,2,nakamura,0.2890756536,0.5772808774
180,195,Glasses,23,2,nakamura,-0.5660285258,0.4818337767
181,209,Umbrella,23,2,nakamura,-0.6726522113,-0.0712352511
182,48,Air Conditioner,23,2,nakamura,0.548065189,0.1821953397
183,167,Heater,23,2,nakamura,0.4191512626,0.0326959646
184,126,FLASH Memory,24,2,nakamura,-0.1906406841,0.3965224118
185,210,Rice Cooker,24,2,nakamura,-0.7028470084,0.1822628521
186,7,Mirror,24,2,nakamura,0.3635223967,-0.7237441399
187,173,Calculator,24,2,nakamura,-0.3612296124,0.2317813511
188,149,Vending Machine,24,2,nakamura,-0.6706269259,-0.7585899752
189,127,Hard Disk,24,2,nakamura,-0.153529685,0.1809723345
190,204,Microwave,24,2,nakamura,-0.7034740958,-0.0568029119
191,39,Towel,24,2,nakamura,0.6403197261,0.4233875787
192,5,Shoes,25,2,nakamura,-0.4999346702,0.6914187569
193,31,Brush,25,2,nakamura,-0.4519267079,0.3735988738
194,56,Key Chain,25,2,nakamura,-0.2498392129,0.6765102726
195,67,Mouse,25,2,nakamura,-0.5846345958,-0.4252873074
196,100,Projector,25,2,nakamura,-0.5175197102,-0.6658662081
197,30,Plate,25,2,nakamura,0.4217467728,0.5639300916
198,210,Rice Cooker,25,2,nakamura,0.1859412074,0.5808584677
199,196,Calender,25,2,nakamura,0.4654313165,-0.4617454423
200,1,Bag,26,2,nakamura,0.3267259716,-0.0532590783
201,165,Printer,26,2,nakamura,0.6512554704,0.2757098713
202,185,Scissors,26,2,nakamura,-0.0816566096,0.0585796297
203,131,Camera,26,2,nakamura,0.498818509,0.2677721457
204,126,FLASH Memory,26,2,nakamura,0.4611889787,0.4909524915
205,206,Chopsticks,26,2,nakamura,-0.1910683011,-0.16344233
206,78,LED,26,2,nakamura,0.9537678889,0.500725245
207,179,Wallet,26,2,nakamura,0.1495736692,-0.2810715398
208,69,Cable,27,2,nakamura,0.546408121,-0.6344068844
209,18,Smartphone,27,2,nakamura,0.6046746114,-0.1481554212
210,192,Briefcase,27,2,nakamura,0.5201046449,0.1114598291
211,132,Monitor,27,2,nakamura,0.5618616887,-0.3770579757
212,71,Box,27,2,nakamura,-0.4172768952,-0.5423509192
213,139,Teapot,27,2,nakamura,0.0996514467,0.7420363547
214,160,Spray,27,2,nakamura,-0.4818188827,0.4597214495
215,39,Towel,27,2,nakamura,-0.5640494209,0.2179801872
216,112,Heat Sink,28,2,nakamura,0.5190355797,0.0751686883
217,94,Whiteboard,28,2,nakamura,-0.4837659188,0.5374943337
218,76,Earphone,28,2,nakamura,0.3795070621,-0.3026863328
219,17,Laptop,28,2,nakamura,0.5281919869,-0.1797731339
220,167,Heater,28,2,nakamura,0.486068038,0.3593453291
221,121,Motor,28,2,nakamura,0.8099804371,-0.850741928
222,129,Battery,28,2,nakamura,0.6556066395,-0.3460059957
223,7,Mirror,28,2,nakamura,-0.5405140318,-0.6969409225
224,51,Smoke detector,29,2,nakamura,-0.4751826892,0.7723121257
225,11,Bed,29,2,nakamura,-0.5279358701,-0.2419306599
226,163,Tissue,29,2,nakamura,-0.5349241144,-0.7497957878
227,47,Remote,29,2,nakamura,0.6247237856,0.663909613
228,53,Sketch Pen,29,2,nakamura,0.5573223621,-0.3313251586
229,130,Microphone,29,2,nakamura,0.5831944062,0.0908088899
230,176,Television,29,2,nakamura,0.605573941,0.4330345116
231,110,Floor Sweeper,29,2,nakamura,-0.8229926428,-0.2479338428
232,20,Bottle,30,2,nakamura,-0.4352486089,-0.7383681164
233,149,Vending Machine,30,2,nakamura,-0.6003758692,-0.7342524235
234,6,Slipper,30,2,nakamura,-0.0273702079,0.6170624023
235,37,Rubber,30,2,nakamura,-0.5562848356,0.7087846168
236,211,Induction Cooker,30,2,nakamura,0.0094992947,-0.7298872724
237,195,Glasses,30,2,nakamura,-0.3504915969,0.7127494806
238,136,Cup,30,2,nakamura,-0.1937560589,-0.7329364033
239,173,Calculator,30,2,nakamura,-0.6565327248,0.4814537572
240,66,Keyboard,31,2,nakamura,0.5714125145,0.0542033266
241,204,Microwave,31,2,nakamura,-0.6769185536,0.1512199874
242,95,Marker Pen,31,2,nakamura,0.3337653205,-0.2468137197
243,70,Tape,31,2,nakamura,-0.0272595055,-0.2625613636
244,209,Umbrella,31,2,nakamura,-0.0632957528,-0.8176578976
245,58,Fridge,31,2,nakamura,-0.6583527506,0.4015041066
246,127,Hard Disk,31,2,nakamura,0.5665681845,0.3065419057
247,46,Water Bottle,31,2,nakamura,-0.6510813395,0.6938998728
248,169,Stamp,32,2,nakamura,0.7969406642,-0.7264127261
249,48,Air Conditioner,32,2,nakamura,-0.3729419652,0.02729058
250,125,RAM,32,2,nakamura,-0.4695449126,-0.58798803
251,79,Adapter,32,2,nakamura,-0.6583225954,-0.6485369218
252,145,Trash Bin,32,2,nakamura,0.662932225,0.7837196289
253,188,Toothbrush,32,2,nakamura,0.8079488406,-0.0076452206
254,41,Switch,32,2,nakamura,-0.656857015,-0.0484343519
255,175,Desktop,32,2,nakamura,-0.5379701442,-0.4021985727
256,7,Mirror,33,2,nakamura,-0.2665112612,0.690342582
257,175,Desktop,33,2,nakamura,0.56076283,0.0871603186
258,210,Rice Cooker,33,2,nakamura,-0.671622592,-0.0658105512
259,167,Heater,33,2,nakamura,-0.8279728234,0.2186333132
260,145,Trash Bin,33,2,nakamura,0.0504853466,-0.8276594314
261,136,Cup,33,2,nakamura,-0.6514552071,-0.3818265777
262,30,Plate,33,2,nakamura,-0.7896728766,-0.3725968061
263,160,Spray,33,2,nakamura,-0.0995432581,0.7291191131
264,163,Tissue,34,2,nakamura,-0.0609616793,-0.6395422869
265,132,Monitor,34,2,nakamura,0.6601131966,0.2272390067
266,100,Projector,34,2,nakamura,0.5258464471,0.2563411851
267,18,Smartphone,34,2,nakamura,0.5536341158,-0.0102099298
268,58,Fridge,34,2,nakamura,-0.4904744324,0.4736123869
269,176,Television,34,2,nakamura,0.6345313999,0.4243235845
270,48,Air Conditioner,34,2,nakamura,-0.5791867569,0.2520698308
271,76,Earphone,34,2,nakamura,0.5244830115,-0.2173281536
272,211,Induction Cooker,35,2,nakamura,0.0229010657,0.4369467113
273,112,Heat Sink,35,2,nakamura,0.7706378458,-0.5335128587
274,51,Smoke detector,35,2,nakamura,0.0182350033,0.7286872456
275,71,Box,35,2,nakamura,-0.7655670698,-0.1188410416
276,20,Bottle,35,2,nakamura,0.0165903488,0.1032476733
277,121,Motor,35,2,nakamura,0.7930390624,-0.0620214173
278,79,Adapter,35,2,nakamura,0.4665924004,-0.7484065168
279,94,Whiteboard,35,2,nakamura,-0.5792617835,0.6931846332
280,69,Cable,36,2,nakamura,0.7504300349,0.4710104095
281,165,Printer,36,2,nakamura,0.6308334708,0.2961346382
282,149,Vending Machine,36,2,nakamura,-0.8689062337,-0.2600319861
283,53,Sketch Pen,36,2,nakamura,0.0491661128,0.5972503035
284,41,Switch,36,2,nakamura,0.8833169871,0.6784031973
285,31,Brush,36,2,nakamura,0.226787949,-0.8529585951
286,17,Laptop,36,2,nakamura,0.428842056,0.3489193027
287,130,Microphone,36,2,nakamura,0.6190760005,0.6785353176
288,129,Battery,37,2,nakamura,0.2877256827,0.7163306602
289,67,Mouse,37,2,nakamura,-0.7366200791,0.3903863778
290,127,Hard Disk,37,2,nakamura,-0.5681981681,0.3538736341
291,139,Teapot,37,2,nakamura,0.4108864061,-0.4846487773
292,66,Keyboard,37,2,nakamura,-0.6652379101,0.5591968193
293,204,Microwave,37,2,nakamura,0.3493824044,-0.2193192883
294,46,Water Bottle,37,2,nakamura,0.2680884301,-0.5387565895
295,6,Slipper,37,2,nakamura,-0.061281693,-0.6737379493
296,47,Remote,38,2,nakamura,-0.6209170492,-0.0414855169
297,195,Glasses,38,2,nakamura,-0.4461999637,-0.5889137354
298,125,RAM,38,2,nakamura,-0.1308614265,0.7636235103
299,37,Rubber,38,2,nakamura,0.3019001,-0.7926368122
300,206,Chopsticks,38,2,nakamura,0.5538797283,0.4929893375
301,39,Towel,38,2,nakamura,-0.82638816,-0.6385912616
302,11,Bed,38,2,nakamura,-0.6991300686,-0.4377920335
303,179,Wallet,38,2,nakamura,0.6985492048,-0.0696809172
304,131,Camera,39,2,nakamura,-0.5175658332,-0.5700626036
305,78,LED,39,2,nakamura,-0.7298521678,-0.3614837401
306,56,Key Chain,39,2,nakamura,0.2763088036,-0.7290062795
307,173,Calculator,39,2,nakamura,-0.41857834,-0.2925801048
308,192,Briefcase,39,2,nakamura,0.2309310246,-0.3722992038
309,209,Umbrella,39,2,nakamura,0.5818357267,-0.3559295022
310,110,Floor Sweeper,39,2,nakamura,0.7499416869,0.2865201006
311,169,Stamp,39,2,nakamura,-0.027475785,-0.2582725466
312,1,Bag,40,2,nakamura,-0.4620828052,0.7210231777
313,70,Tape,40,2,nakamura,-0.6006040401,-0.6546606892
314,185,Scissors,40,2,nakamura,-0.6772452866,-0.4479376584
315,5,Shoes,40,2,nakamura,-0.6644366585,0.5691089004
316,196,Calender,40,2,nakamura,0.177884045,0.7059081772
317,95,Marker Pen,40,2,nakamura,-0.0653039086,0.7055735307
318,126,FLASH Memory,40,2,nakamura,0.4651159262,-0.4382784654
319,188,Toothbrush,40,2,nakamura,-0.7289587589,-0.1198712195
320,1,Bag,41,2,nakamura,-0.4565488868,0.4830680825
321,46,Water Bottle,41,2,nakamura,-0.1872192692,0.6595958137
322,136,Cup,41,2,nakamura,-0.0095795755,0.6734225713
323,76,Earphone,41,2,nakamura,-0.5630386977,-0.4646500195
324,51,Smoke detector,41,2,nakamura,0.6326979053,-0.7621333217
325,11,Bed,41,2,nakamura,0.4371075577,0.0925118022
326,94,Whiteboard,41,2,nakamura,0.6049832774,-0.4497629847
327,7,Mirror,41,2,nakamura,0.2897718795,-0.5036770947
328,67,Mouse,42,2,nakamura,-0.7119666704,-0.4617478669
329,163,Tissue,42,2,nakamura,0.7043891873,-0.5272316759
330,175,Desktop,42,2,nakamura,-0.5547221832,-0.4253378125
331,69,Cable,42,2,nakamura,-0.6536573476,-0.2473864847
332,18,Smartphone,42,2,nakamura,-0.3551885349,-0.6352824763
333,130,Microphone,42,2,nakamura,-0.6319877306,-0.6959846426
334,132,Monitor,42,2,nakamura,-0.4983989832,-0.212054147
335,139,Teapot,42,2,nakamura,0.2959398512,0.5714665996
336,192,Briefcase,43,2,nakamura,-0.4088986493,0.7202462183
337,204,Microwave,43,2,nakamura,0.6723224283,0.1885304198
338,110,Floor Sweeper,43,2,nakamura,0.0848060701,-0.7619835479
339,47,Remote,43,2,nakamura,-0.5850069893,-0.4269594586
340,185,Scissors,43,2,nakamura,0.3480396968,-0.6505877765
341,179,Wallet,43,2,nakamura,0.0508482976,-0.260868025
342,39,Towel,43,2,nakamura,-0.6816084627,0.2425224708
343,129,Battery,43,2,nakamura,0.3026203477,0.8220813079
344,210,Rice Cooker,44,2,nakamura,0.3026783594,0.5743041712
345,71,Box,44,2,nakamura,-0.4679634784,0.5693556726
346,160,Spray,44,2,nakamura,0.7616655337,0.1726630377
347,125,RAM,44,2,nakamura,0.3458899481,-0.5850511185
348,58,Fridge,44,2,nakamura,0.1276097438,0.5808063144
349,56,Key Chain,44,2,nakamura,-0.7989075275,-0.1237289261
350,41,Switch,44,2,nakamura,-0.6327512814,-0.6708185141
351,131,Camera,44,2,nakamura,0.1242526004,-0.2341326202
352,206,Chopsticks,45,2,nakamura,-0.3216018117,0.491987095
353,176,Television,45,2,nakamura,0.399503873,0.6209042873
354,17,Laptop,45,2,nakamura,0.5577315865,0.4515810175
355,5,Shoes,45,2,nakamura,0.0219302625,-0.7882590764
356,66,Keyboard,45,2,nakamura,0.6947423664,0.5138746186
357,167,Heater,45,2,nakamura,0.7553181837,-0.1773473904
358,53,Sketch Pen,45,2,nakamura,-0.4871281959,0.3315647708
359,30,Plate,45,2,nakamura,-0.1503997768,0.5508044054
360,165,Printer,46,2,nakamura,-0.6933342809,0.5842120025
361,173,Calculator,46,2,nakamura,-0.8134884628,0.0417050166
362,195,Glasses,46,2,nakamura,0.1610638523,-0.158452632
363,70,Tape,46,2,nakamura,0.4572880666,0.6041992287
364,100,Projector,46,2,nakamura,-0.5582874313,0.7451166136
365,209,Umbrella,46,2,nakamura,0.3459534267,0.1976918867
366,37,Rubber,46,2,nakamura,0.6364889819,0.2575822038
367,79,Adapter,46,2,nakamura,-0.8140218499,0.2916763643
368,20,Bottle,47,2,nakamura,0.1914671431,0.7050535247
369,48,Air Conditioner,47,2,nakamura,-0.5956344159,0.2055394343
370,112,Heat Sink,47,2,nakamura,-0.7152703234,-0.4590849804
371,6,Slipper,47,2,nakamura,0.7436531688,0.230239471
372,188,Toothbrush,47,2,nakamura,0.7717702843,-0.6034152683
373,121,Motor,47,2,nakamura,0.1355410831,-0.736889224
374,126,FLASH Memory,47,2,nakamura,-0.5146657835,-0.7411688926
375,211,Induction Cooker,47,2,nakamura,-0.0369485188,0.705015118
376,169,Stamp,48,2,nakamura,0.5162547303,-0.5534958473
377,145,Trash Bin,48,2,nakamura,0.1610731299,0.6981351247
378,95,Marker Pen,48,2,nakamura,-0.3311973013,-0.7459873407
379,196,Calender,48,2,nakamura,-0.6552416895,-0.6585368862
380,127,Hard Disk,48,2,nakamura,-0.8155628506,-0.0116727456
381,78,LED,48,2,nakamura,-0.8161909394,0.3271472325
382,31,Brush,48,2,nakamura,0.4780630787,0.3502083778
383,149,Vending Machine,48,2,nakamura,-0.0721699761,0.6952412045
384,37,Rubber,49,2,nakamura,-0.7658796296,0.4275683024
385,48,Air Conditioner,49,2,nakamura,0.6482800351,-0.6735907826
386,11,Bed,49,2,nakamura,-0.6452812624,-0.6689150887
387,112,Heat Sink,49,2,nakamura,0.5153679526,-0.0667680217
388,31,Brush,49,2,nakamura,-0.7492783586,-0.3385462826
389,76,Earphone,49,2,nakamura,0.3189581683,0.6809457831
390,41,Switch,49,2,nakamura,0.7161765441,-0.0270132449
391,127,Hard Disk,49,2,nakamura,0.5575765127,0.2304390201
392,145,Trash Bin,50,2,nakamura,-0.3463465364,0.6483604774
393,18,Smartphone,50,2,nakamura,0.5293742727,-0.1578030096
394,110,Floor Sweeper,50,2,nakamura,-0.5166048064,0.6373893011
395,58,Fridge,50,2,nakamura,-0.0704634578,0.6556843334
396,175,Desktop,50,2,nakamura,0.5080184785,-0.4277375199
397,78,LED,50,2,nakamura,0.7383281935,-0.7869262326
398,47,Remote,50,2,nakamura,-0.1158132762,-0.7874448994
399,188,Toothbrush,50,2,nakamura,-0.7862985364,-0.2841977973
400,100,Projector,51,2,nakamura,0.1121262355,0.730240213
401,7,Mirror,51,2,nakamura,0.6281858575,0.1076586076
402,67,Mouse,51,2,nakamura,-0.1498135791,0.8018522345
403,169,Stamp,51,2,nakamura,0.2675645524,-0.1475880849
404,195,Glasses,51,2,nakamura,0.4296438946,0.2149584205
405,210,Rice Cooker,51,2,nakamura,-0.6450023014,0.7190342742
406,131,Camera,51,2,nakamura,0.349661868,0.5111153534
407,209,Umbrella,51,2,nakamura,-0.3768436369,-0.6763043758
408,69,Cable,52,2,nakamura,0.4416773973,0.0903360733
409,94,Whiteboard,52,2,nakamura,-0.6230983827,0.551087904
410,1,Bag,52,2,nakamura,-0.46935084,-0.7136141448
411,125,RAM,52,2,nakamura,0.3453619351,-0.0799984956
412,173,Calculator,52,2,nakamura,-0.3943926458,0.6791177914
413,46,Water Bottle,52,2,nakamura,-0.4303654719,-0.4219743271
414,176,Television,52,2,nakamura,0.5317852715,-0.1748599752
415,192,Briefcase,52,2,nakamura,-0.5807899926,-0.5587209878
416,30,Plate,53,2,nakamura,-0.0976635912,0.7617932665
417,5,Shoes,53,2,nakamura,0.29161691,-0.6473907089
418,126,FLASH Memory,53,2,nakamura,-0.8267060249,-0.625741487
419,95,Marker Pen,53,2,nakamura,0.6766643252,0.0894001209
420,79,Adapter,53,2,nakamura,-0.7512798809,-0.3295689493
421,20,Bottle,53,2,nakamura,0.1195473545,0.744536926
422,129,Battery,53,2,nakamura,-0.6446597698,0.2607146648
423,66,Keyboard,53,2,nakamura,-0.6544962772,-0.5410215675
424,204,Microwave,54,2,nakamura,-0.6289200863,-0.4664613898
425,163,Tissue,54,2,nakamura,-0.0954821751,-0.7819716441
426,149,Vending Machine,54,2,nakamura,-0.4767663949,-0.5972090536
427,179,Wallet,54,2,nakamura,-0.2880648193,-0.6964737612
428,130,Microphone,54,2,nakamura,0.5909334764,0.0853118556
429,206,Chopsticks,54,2,nakamura,-0.8095235822,-0.1732418661
430,196,Calender,54,2,nakamura,-0.0303418443,0.7376662978
431,17,Laptop,54,2,nakamura,0.4460502114,0.2675878712
432,6,Slipper,55,2,nakamura,0.5873302998,-0.7274133151
433,211,Induction Cooker,55,2,nakamura,-0.6661704991,0.2826419202
434,185,Scissors,55,2,nakamura,0.4329096312,0.3977759378
435,70,Tape,55,2,nakamura,0.395971618,0.6140700301
436,136,Cup,55,2,nakamura,-0.6047114078,0.5289418582
437,53,Sketch Pen,55,2,nakamura,0.3053034598,0.133867783
438,132,Monitor,55,2,nakamura,-0.445985642,-0.6890628781
439,71,Box,55,2,nakamura,0.640030624,0.5931054389
440,139,Teapot,56,2,nakamura,-0.6036072791,0.4986441164
441,56,Key Chain,56,2,nakamura,0.2410930598,-0.8924324985
442,121,Motor,56,2,nakamura,0.5475955831,0.156344463
443,167,Heater,56,2,nakamura,0.3131373915,0.5765799452
444,160,Spray,56,2,nakamura,-0.5628902032,-0.5718987686
445,51,Smoke detector,56,2,nakamura,0.1209712769,0.6676382335
446,39,Towel,56,2,nakamura,-0.7421789653,0.1033209809
447,165,Printer,56,2,nakamura,0.5168357016,-0.1760576599
448,112,Heat Sink,57,2,nakamura,0.8052574421,-0.0076290477
449,66,Keyboard,57,2,nakamura,0.413052895,-0.454123078
450,210,Rice Cooker,57,2,nakamura,0.1316692267,0.7291420766
451,6,Slipper,57,2,nakamura,-0.6318962434,-0.5651712345
452,132,Monitor,57,2,nakamura,0.4988672325,-0.7113597553
453,7,Mirror,57,2,nakamura,-0.6324620973,0.4852300167
454,58,Fridge,57,2,nakamura,0.317640443,0.7243588988
455,76,Earphone,57,2,nakamura,0.6039770991,-0.5139719336
456,51,Smoke detector,58,2,nakamura,-0.0923675031,0.697871456
457,163,Tissue,58,2,nakamura,-0.3208141449,-0.6049340992
458,196,Calender,58,2,nakamura,0.3240700802,-0.8419478629
459,131,Camera,58,2,nakamura,-0.8827197267,0.7572280924
460,167,Heater,58,2,nakamura,-0.0226836367,0.3465667693
461,11,Bed,58,2,nakamura,0.1782350871,0.1248034458
462,206,Chopsticks,58,2,nakamura,-0.503692097,-0.1047211946
463,211,Induction Cooker,58,2,nakamura,-0.2890406714,0.3525620871
464,71,Box,59,2,nakamura,-0.791222792,-0.1111302555
465,127,Hard Disk,59,2,nakamura,0.5627946571,0.0417513949
466,145,Trash Bin,59,2,nakamura,-0.7943807659,-0.3516293455
467,149,Vending Machine,59,2,nakamura,-0.1764268661,0.5634594509
468,204,Microwave,59,2,nakamura,0.0594635555,0.5705324759
469,165,Printer,59,2,nakamura,0.5665845758,0.2555259611
470,169,Stamp,59,2,nakamura,-0.2776802677,-0.4268441469
471,185,Scissors,59,2,nakamura,-0.6246986416,-0.2196407
472,100,Projector,60,2,nakamura,-0.4415524288,-0.2213103572
473,126,FLASH Memory,60,2,nakamura,-0.6964536297,-0.660438862
474,160,Spray,60,2,nakamura,0.5872622711,-0.5266717825
475,79,Adapter,60,2,nakamura,-0.7987416251,-0.4639148761
476,179,Wallet,60,2,nakamura,0.3441937277,0.4600964438
477,53,Sketch Pen,60,2,nakamura,-0.1665694164,-0.3894881182
478,176,Television,60,2,nakamura,-0.4737225816,-0.0126050839
479,192,Briefcase,60,2,nakamura,0.4796457022,0.2710917913
480,41,Switch,61,2,nakamura,0.6598072172,-0.8209496003
481,1,Bag,61,2,nakamura,-0.4919469254,0.582990796
482,188,Toothbrush,61,2,nakamura,0.3278592516,-0.2042258969
483,129,Battery,61,2,nakamura,0.5040372062,-0.5105756359
484,69,Cable,61,2,nakamura,0.683611989,-0.5615915694
485,209,Umbrella,61,2,nakamura,-0.7465327023,0.0970037229
486,173,Calculator,61,2,nakamura,0.4633878256,-0.7832044102
487,110,Floor Sweeper,61,2,nakamura,0.296046097,0.2009256962
488,46,Water Bottle,62,2,nakamura,0.3382360692,-0.7694567432
489,175,Desktop,62,2,nakamura,-0.6589578019,0.3058825247
490,20,Bottle,62,2,nakamura,0.1349662816,-0.7753711035
491,67,Mouse,62,2,nakamura,-0.8108898709,0.4025899958
492,121,Motor,62,2,nakamura,-0.3521426137,0.8231894975
493,125,RAM,62,2,nakamura,-0.6732290502,0.535657901
494,37,Rubber,62,2,nakamura,-0.7294866925,-0.2342237692
495,139,Teapot,62,2,nakamura,0.2344400361,-0.4338858215
496,94,Whiteboard,63,2,nakamura,-0.8273327444,0.1280358107
497,95,Marker Pen,63,2,nakamura,-0.8110024118,0.3709350332
498,70,Tape,63,2,nakamura,-0.5745816704,0.7291258727
499,195,Glasses,63,2,nakamura,-0.2446873277,-0.3624257629
500,5,Shoes,63,2,nakamura,-0.2686612006,-0.7475587643
501,39,Towel,63,2,nakamura,0.0582054768,-0.5999011044
502,78,LED,63,2,nakamura,0.8347786245,0.765319495
503,48,Air Conditioner,63,2,nakamura,0.2856266545,-0.0251734276
504,130,Microphone,64,2,nakamura,0.7292323482,-0.4147057166
505,18,Smartphone,64,2,nakamura,0.4162192821,-0.282227729
506,56,Key Chain,64,2,nakamura,-0.0684154735,0.6708585087
507,47,Remote,64,2,nakamura,0.206650513,0.5835310706
508,31,Brush,64,2,nakamura,-0.6684098708,0.3224477915
509,136,Cup,64,2,nakamura,-0.5721653758,-0.664279261
510,30,Plate,64,2,nakamura,-0.7051939753,-0.4822353249
511,17,Laptop,64,2,nakamura,0.5311484725,-0.4182432784
512,188,Toothbrush,65,2,nakamura,0.0335247741,-0.8181729483
513,125,RAM,65,2,nakamura,0.7128049466,-0.5950519116
514,51,Smoke detector,65,2,nakamura,0.0788824775,0.5688089921
515,78,LED,65,2,nakamura,0.4230905773,-0.8650467716
516,100,Projector,65,2,nakamura,0.7570955735,-0.3423172155
517,18,Smartphone,65,2,nakamura,0.5528045372,-0.4385002553
518,71,Box,65,2,nakamura,-0.6172434759,0.0488720094
519,70,Tape,65,2,nakamura,-0.5717132378,-0.3306559716
520,139,Teapot,66,2,nakamura,0.3231308897,-0.4548805052
521,127,Hard Disk,66,2,nakamura,-0.7532669635,0.6924765266
522,121,Motor,66,2,nakamura,-0.6314056856,0.8789106218
523,47,Remote,66,2,nakamura,0.1761067001,0.6122189348
524,58,Fridge,66,2,nakamura,0.4218991491,0.0590989343
525,48,Air Conditioner,66,2,nakamura,0.3233843248,0.4771641233
526,132,Monitor,66,2,nakamura,-0.6115206844,0.463971218
527,46,Water Bottle,66,2,nakamura,0.3840989872,-0.2281606171
528,211,Induction Cooker,67,2,nakamura,-0.2510599426,0.3053560644
529,206,Chopsticks,67,2,nakamura,-0.1185345815,0.086227485
530,149,Vending Machine,67,2,nakamura,-0.4996517805,-0.1230748946
531,67,Mouse,67,2,nakamura,0.7060241642,-0.0441014845
532,169,Stamp,67,2,nakamura,0.6218891626,0.6707362558
533,204,Microwave,67,2,nakamura,-0.406392074,0.414588754
534,167,Heater,67,2,nakamura,-0.2396249247,0.6835752597
535,110,Floor Sweeper,67,2,nakamura,0.4299211267,-0.653919332
536,11,Bed,68,2,nakamura,-0.1989962722,-0.2871857445
537,160,Spray,68,2,nakamura,-0.5467933771,0.1321013951
538,196,Calender,68,2,nakamura,0.4498008713,-0.7626456298
539,41,Switch,68,2,nakamura,0.4651124551,0.8032112241
540,95,Marker Pen,68,2,nakamura,0.580041069,-0.6072983453
541,179,Wallet,68,2,nakamura,-0.5903266721,0.701457365
542,175,Desktop,68,2,nakamura,0.5474841796,0.4006026564
543,195,Glasses,68,2,nakamura,-0.2837538432,0.349424776
544,210,Rice Cooker,69,2,nakamura,-0.3288422673,-0.4574556274
545,130,Microphone,69,2,nakamura,0.4734054446,0.8306156893
546,7,Mirror,69,2,nakamura,0.4912990781,-0.5381395636
547,6,Slipper,69,2,nakamura,-0.7445572957,0.6289757632
548,5,Shoes,69,2,nakamura,-0.6349761175,0.7755829832
549,30,Plate,69,2,nakamura,-0.1461658658,-0.5065804747
550,209,Umbrella,69,2,nakamura,-0.6419716681,0.3468689233
551,94,Whiteboard,69,2,nakamura,0.6555812517,-0.0880956022
552,176,Television,70,2,nakamura,-0.3931098673,-0.5158834749
553,69,Cable,70,2,nakamura,-0.5604649163,-0.6556878326
554,136,Cup,70,2,nakamura,-0.11697616,0.489047479
555,163,Tissue,70,2,nakamura,0.3953088792,0.6421844489
556,76,Earphone,70,2,nakamura,-0.5488334024,-0.3922938956
557,173,Calculator,70,2,nakamura,0.0161986985,-0.655519852
558,31,Brush,70,2,nakamura,0.5968469551,0.437712053
559,39,Towel,70,2,nakamura,0.399239625,0.4113941651
560,131,Camera,71,2,nakamura,-0.6548634087,-0.0875418169
561,145,Trash Bin,71,2,nakamura,0.3510681349,-0.6792135051
562,20,Bottle,71,2,nakamura,0.4856147266,-0.4680777278
563,165,Printer,71,2,nakamura,-0.7581287899,0.1213307799
564,79,Adapter,71,2,nakamura,-0.9322364353,-0.1053872645
565,53,Sketch Pen,71,2,nakamura,-0.7366495473,0.3883696708
566,129,Battery,71,2,nakamura,-0.6061417606,-0.6118089219
567,192,Briefcase,71,2,nakamura,0.5194436102,0.0012963433
568,1,Bag,72,2,nakamura,-0.101359837,0.0212896585
569,56,Key Chain,72,2,nakamura,0.4840964829,0.1133848322
570,112,Heat Sink,72,2,nakamura,-0.6230134861,0.4845321355
571,37,Rubber,72,2,nakamura,0.4272507592,-0.3608576127
572,66,Keyboard,72,2,nakamura,-0.4772958631,0.1597109517
573,17,Laptop,72,2,nakamura,-0.3624203683,0.2842583996
574,126,FLASH Memory,72,2,nakamura,-0.2880794328,0.5120583932
575,185,Scissors,72,2,nakamura,0.6332600529,-0.3010012589
576,56,Key Chain,73,2,nakamura,0.7883921757,-0.1836006942
577,195,Glasses,73,2,nakamura,0.2419135721,-0.6900412183
578,5,Shoes,73,2,nakamura,-0.6118181907,0.6398043938
579,31,Brush,73,2,nakamura,-0.0849967606,-0.7174321293
580,95,Marker Pen,73,2,nakamura,-0.6701309663,-0.5704444226
581,69,Cable,73,2,nakamura,0.6956058796,0.6370067254
582,209,Umbrella,73,2,nakamura,-0.4011858862,0.7756516545
583,196,Calender,73,2,nakamura,-0.6608001182,-0.2878756333
584,11,Bed,74,2,nakamura,-0.2810497366,0.3801975229
585,66,Keyboard,74,2,nakamura,-0.7199330794,-0.5040298531
586,125,RAM,74,2,nakamura,-0.6086073083,-0.6532448108
587,192,Briefcase,74,2,nakamura,0.4941651297,0.7541778995
588,131,Camera,74,2,nakamura,0.0576104553,-0.56449606
589,7,Mirror,74,2,nakamura,-0.1667333198,0.7768184553
590,173,Calculator,74,2,nakamura,0.7236546753,-0.0330455576
591,58,Fridge,74,2,nakamura,-0.6173785029,0.6125693861
592,71,Box,75,2,nakamura,0.7152129778,-0.6629070612
593,112,Heat Sink,75,2,nakamura,-0.7341472682,-0.3647580306
594,17,Laptop,75,2,nakamura,-0.4265139749,-0.3850053707
595,37,Rubber,75,2,nakamura,0.7065308291,0.5866685908
596,129,Battery,75,2,nakamura,-0.1320405754,-0.2836130506
597,211,Induction Cooker,75,2,nakamura,-0.4742317994,0.5905841253
598,76,Earphone,75,2,nakamura,-0.6375196693,-0.7155305023
599,30,Plate,75,2,nakamura,-0.1713296227,0.6321730561
600,78,LED,76,2,nakamura,-0.5961344873,-0.8140755924
601,79,Adapter,76,2,nakamura,-0.6774724382,-0.5542641231
602,46,Water Bottle,76,2,nakamura,0.5231814995,-0.7493058212
603,160,Spray,76,2,nakamura,-0.030159306,0.7829040772
604,169,Stamp,76,2,nakamura,-0.5906026234,0.4814770441
605,167,Heater,76,2,nakamura,0.7928203437,0.4352697292
606,179,Wallet,76,2,nakamura,-0.4636509795,0.6756169304
607,70,Tape,76,2,nakamura,0.7950705073,-0.2227986012
608,110,Floor Sweeper,77,2,nakamura,0.0404836554,0.0278923573
609,136,Cup,77,2,nakamura,0.4966975202,0.6748978136
610,127,Hard Disk,77,2,nakamura,-0.5698013558,0.3935822268
611,121,Motor,77,2,nakamura,-0.7376556122,0.6767243554
612,94,Whiteboard,77,2,nakamura,0.577161487,-0.6292660212
613,39,Towel,77,2,nakamura,0.2765105696,0.3350121931
614,20,Bottle,77,2,nakamura,0.599048347,0.4374025974
615,1,Bag,77,2,nakamura,-0.585388749,-0.6351749204
616,126,FLASH Memory,78,2,nakamura,-0.0936296878,-0.8211209234
617,149,Vending Machine,78,2,nakamura,-0.8268974272,0.3384120035
618,204,Microwave,78,2,nakamura,-0.4379058121,0.2420302497
619,185,Scissors,78,2,nakamura,0.7555827024,-0.2054936659
620,48,Air Conditioner,78,2,nakamura,-0.6556232397,-0.3052347155
621,176,Television,78,2,nakamura,-0.4856836235,-0.6758434679
622,53,Sketch Pen,78,2,nakamura,0.6872473196,-0.4772956734
623,206,Chopsticks,78,2,nakamura,-0.1267992417,0.3876738304
624,41,Switch,79,2,nakamura,0.0210902126,-0.2031034369
625,51,Smoke detector,79,2,nakamura,-0.0468448764,0.7066715013
626,18,Smartphone,79,2,nakamura,0.6613597237,0.2004814781
627,210,Rice Cooker,79,2,nakamura,-0.5049358076,0.5558282465
628,100,Projector,79,2,nakamura,0.5819700264,0.6214255352
629,188,Toothbrush,79,2,nakamura,-0.7550143173,0.2530023113
630,175,Desktop,79,2,nakamura,0.5762205918,0.3821768203
631,47,Remote,79,2,nakamura,-0.1185481734,-0.1893740541
632,67,Mouse,80,2,nakamura,-0.7245018311,-0.8061432964
633,6,Slipper,80,2,nakamura,-0.0966514069,0.6616228783
634,163,Tissue,80,2,nakamura,0.4230131523,-0.6148017643
635,139,Teapot,80,2,nakamura,0.5752730519,0.299524325
636,145,Trash Bin,80,2,nakamura,-0.7452117087,0.69996895
637,132,Monitor,80,2,nakamura,-0.7038693544,-0.4358867181
638,130,Microphone,80,2,nakamura,-0.8371035434,-0.6091202689
639,165,Printer,80,2,nakamura,-0.5926610209,-0.632845802
640,195,Glasses,81,2,nakamura,0.1618303141,0.199257
641,211,Induction Cooker,81,2,nakamura,-0.6091937592,0.3039075348
642,48,Air Conditioner,81,2,nakamura,-0.4462707704,-0.0228987927
643,125,RAM,81,2,nakamura,0.7106433997,0.121088586
644,58,Fridge,81,2,nakamura,-0.4264162246,0.2863301866
645,110,Floor Sweeper,81,2,nakamura,-0.4241337448,-0.6477377585
646,100,Projector,81,2,nakamura,0.4349311811,0.1598251261
647,95,Marker Pen,81,2,nakamura,0.3966109207,-0.5454391432
648,1,Bag,82,2,nakamura,-0.3920459632,-0.2099621183
649,165,Printer,82,2,nakamura,0.6050834614,-0.6727562899
650,160,Spray,82,2,nakamura,-0.3472533695,0.7409806589
651,7,Mirror,82,2,nakamura,-0.5779715541,0.646466716
652,78,LED,82,2,nakamura,0.8714960378,-0.8558341106
653,20,Bottle,82,2,nakamura,-0.6883166124,-0.5634043158
654,131,Camera,82,2,nakamura,0.378433771,-0.539648946
655,167,Heater,82,2,nakamura,0.6127643299,0.703226691
656,163,Tissue,83,2,nakamura,0.6872889948,0.0570787829
657,37,Rubber,83,2,nakamura,0.4345951618,0.4776101126
658,121,Motor,83,2,nakamura,-0.7209985937,0.4536112319
659,169,Stamp,83,2,nakamura,0.3346141578,0.1574647985
660,112,Heat Sink,83,2,nakamura,-0.5034327838,0.5525947662
661,30,Plate,83,2,nakamura,0.0178196798,-0.6397215499
662,51,Smoke detector,83,2,nakamura,-0.1821135572,0.8104981814
663,136,Cup,83,2,nakamura,-0.1256669897,-0.6383491642
664,6,Slipper,84,2,nakamura,0.7219722094,0.3082654249
665,67,Mouse,84,2,nakamura,-0.6609332061,0.4176176116
666,204,Microwave,84,2,nakamura,0.1283977656,-0.3102065137
667,130,Microphone,84,2,nakamura,-0.7281813815,0.186990113
668,46,Water Bottle,84,2,nakamura,-0.0019549518,-0.6999549674
669,206,Chopsticks,84,2,nakamura,0.2821426436,-0.7007919275
670,56,Key Chain,84,2,nakamura,0.2983457724,0.8022650154
671,17,Laptop,84,2,nakamura,-0.583030147,0.235394731
672,18,Smartphone,85,2,nakamura,0.4204143875,-0.7144192192
673,192,Briefcase,85,2,nakamura,0.612260701,-0.5601957202
674,145,Trash Bin,85,2,nakamura,-0.0544164989,0.8329744044
675,179,Wallet,85,2,nakamura,0.7096355713,-0.8048047707
676,71,Box,85,2,nakamura,0.1749676217,0.8289456334
677,209,Umbrella,85,2,nakamura,0.7027173128,-0.0290698817
678,188,Toothbrush,85,2,nakamura,-0.4766445483,0.5802883662
679,69,Cable,85,2,nakamura,-0.6459822737,-0.727540101
680,70,Tape,86,2,nakamura,0.1362310172,0.3309929083
681,126,FLASH Memory,86,2,nakamura,-0.7554121168,0.5794374511
682,41,Switch,86,2,nakamura,-0.8529572919,-0.2842486011
683,129,Battery,86,2,nakamura,-0.8372108865,-0.0162731653
684,127,Hard Disk,86,2,nakamura,-0.6243246224,0.6952318385
685,76,Earphone,86,2,nakamura,-0.4674317645,0.2498066717
686,11,Bed,86,2,nakamura,-0.1991060551,-0.7909459977
687,185,Scissors,86,2,nakamura,0.160283752,0.1011999745
688,139,Teapot,87,2,nakamura,-0.3659868192,-0.6115770754
689,175,Desktop,87,2,nakamura,0.0117422255,0.6158431178
690,176,Television,87,2,nakamura,-0.1930124894,0.6302459784
691,94,Whiteboard,87,2,nakamura,-0.653150384,0.5744644669
692,31,Brush,87,2,nakamura,0.3608907202,-0.519586917
693,53,Sketch Pen,87,2,nakamura,-0.7703729311,0.3794391171
694,173,Calculator,87,2,nakamura,0.3094877009,0.4240711893
695,39,Towel,87,2,nakamura,0.539626087,-0.3268834578
696,210,Rice Cooker,88,2,nakamura,-0.6280183631,0.3520122365
697,66,Keyboard,88,2,nakamura,-0.3958556903,-0.6051540305
698,5,Shoes,88,2,nakamura,0.7763497297,0.3375792708
699,79,Adapter,88,2,nakamura,-0.525333514,-0.7679874239
700,132,Monitor,88,2,nakamura,-0.5045631617,-0.4301968496
701,149,Vending Machine,88,2,nakamura,-0.46260197,0.6930619772
702,196,Calender,88,2,nakamura,0.4541830547,-0.6706940086
703,47,Remote,88,2,nakamura,-0.0964905627,0.290335599
704,136,Cup,89,2,nakamura,0.3330370407,-0.6184410749
705,31,Brush,89,2,nakamura,-0.7326514934,0.5195446754
706,196,Calender,89,2,nakamura,0.233602684,0.5686622598
707,126,FLASH Memory,89,2,nakamura,-0.4947983053,-0.8194407727
708,145,Trash Bin,89,2,nakamura,-0.4327500767,0.6199673291
709,175,Desktop,89,2,nakamura,-0.659224623,-0.5343336967
710,7,Mirror,89,2,nakamura,-0.6860188522,0.2634508222
711,53,Sketch Pen,89,2,nakamura,0.4201169139,0.3266635622
712,70,Tape,90,2,nakamura,-0.7548830764,-0.7102607367
713,100,Projector,90,2,nakamura,-0.0477892837,0.7030101103
714,195,Glasses,90,2,nakamura,-0.1459978319,0.1631972897
715,95,Marker Pen,90,2,nakamura,-0.1757020836,-0.5572634217
716,188,Toothbrush,90,2,nakamura,-0.8575888222,0.1711159412
717,46,Water Bottle,90,2,nakamura,-0.6918449272,0.7147865569
718,185,Scissors,90,2,nakamura,-0.5756802247,-0.7285949107
719,176,Television,90,2,nakamura,0.1255114697,0.541762038
720,69,Cable,91,2,nakamura,-0.6745598461,-0.3702162954
721,30,Plate,91,2,nakamura,0.237227549,0.290747137
722,5,Shoes,91,2,nakamura,0.2721440036,-0.6891346251
723,51,Smoke detector,91,2,nakamura,-0.4153494369,0.8509114584
724,58,Fridge,91,2,nakamura,0.0743052491,0.5463875358
725,79,Adapter,91,2,nakamura,-0.8309173304,-0.3633158134
726,169,Stamp,91,2,nakamura,-0.2846982505,-0.8896891058
727,76,Earphone,91,2,nakamura,-0.7190948455,-0.1021460728
728,1,Bag,92,2,nakamura,0.2961957954,0.2789682719
729,11,Bed,92,2,nakamura,0.2735757735,-0.3328345867
730,206,Chopsticks,92,2,nakamura,-0.2934743856,-0.8521448714
731,66,Keyboard,92,2,nakamura,-0.6134486338,0.5760389842
732,56,Key Chain,92,2,nakamura,-0.8392951341,-0.8414847165
733,47,Remote,92,2,nakamura,-0.3117095318,0.4834569171
734,131,Camera,92,2,nakamura,-0.5684457008,-0.0342466976
735,78,LED,92,2,nakamura,-0.3814799028,0.8505609183
736,17,Laptop,93,2,nakamura,-0.5470329215,0.3866590714
737,165,Printer,93,2,nakamura,-0.6559926761,0.5413206505
738,132,Monitor,93,2,nakamura,-0.4847225231,0.620832305
739,139,Teapot,93,2,nakamura,0.2764229941,0.0021893038
740,110,Floor Sweeper,93,2,nakamura,-0.7330952517,-0.7626931346
741,94,Whiteboard,93,2,nakamura,-0.1423143702,0.7633802329
742,130,Microphone,93,2,nakamura,-0.7012923364,0.3055402592
743,179,Wallet,93,2,nakamura,-0.0215147642,-0.6907693918
744,125,RAM,94,2,nakamura,-0.6817767936,-0.6337290491
745,71,Box,94,2,nakamura,0.2584212305,-0.1490277242
746,6,Slipper,94,2,nakamura,0.0581591,-0.7549507987
747,167,Heater,94,2,nakamura,-0.3427485849,0.2623109637
748,211,Induction Cooker,94,2,nakamura,-0.3381343557,0.7597279267
749,129,Battery,94,2,nakamura,-0.7933102871,0.648473041
750,37,Rubber,94,2,nakamura,0.2827436916,0.7174450606
751,67,Mouse,94,2,nakamura,-0.5519139512,-0.7749866711
752,18,Smartphone,95,2,nakamura,0.1072346293,0.0877805
753,41,Switch,95,2,nakamura,-0.1834391107,-0.8847100347
754,20,Bottle,95,2,nakamura,-0.7508984786,-0.160913184
755,173,Calculator,95,2,nakamura,-0.0015985408,-0.2805557443
756,204,Microwave,95,2,nakamura,-0.6018844974,-0.5144842906
757,209,Umbrella,95,2,nakamura,0.4809731445,0.8653875964
758,163,Tissue,95,2,nakamura,-0.6048914003,0.7490263612
759,160,Spray,95,2,nakamura,-0.7653733976,0.490644112
760,192,Briefcase,96,2,nakamura,0.2748461328,-0.0552023331
761,121,Motor,96,2,nakamura,-0.013384788,-0.8879675826
762,48,Air Conditioner,96,2,nakamura,-0.7591649034,0.430086935
763,127,Hard Disk,96,2,nakamura,-0.3682655969,-0.6261317798
764,149,Vending Machine,96,2,nakamura,-0.4397237668,0.423637152
765,112,Heat Sink,96,2,nakamura,-0.2506533459,-0.8699517498
766,210,Rice Cooker,96,2,nakamura,-0.6030063171,0.0380748743
767,39,Towel,96,2,nakamura,0.4029636419,0.6557061955
768,31,Brush,97,2,nakamura,0.3558326359,-0.8322592736
769,173,Calculator,97,2,nakamura,-0.5474956377,0.4083669367
770,66,Keyboard,97,2,nakamura,-0.1476452306,-0.0051498884
771,18,Smartphone,97,2,nakamura,-0.3320174904,0.1943161883
772,79,Adapter,97,2,nakamura,-0.4801519558,-0.0694360139
773,53,Sketch Pen,97,2,nakamura,-0.4457469835,0.7705431261
774,169,Stamp,97,2,nakamura,-0.7815880564,0.3726808469
775,37,Rubber,97,2,nakamura,-0.6883383759,0.6840125657
776,112,Heat Sink,98,2,nakamura,0.300662813,0.6217183533
777,110,Floor Sweeper,98,2,nakamura,-0.8589695991,0.3236166628
778,47,Remote,98,2,nakamura,-0.1005447196,-0.8485599847
779,185,Scissors,98,2,nakamura,-0.6053795235,-0.7165239819
780,209,Umbrella,98,2,nakamura,-0.7130702412,0.7762664402
781,167,Heater,98,2,nakamura,0.2650436171,0.2623808376
782,58,Fridge,98,2,nakamura,0.1114415455,-0.0173115608
783,211,Induction Cooker,98,2,nakamura,0.038714796,0.2703197131
784,76,Earphone,99,2,nakamura,-0.0107752303,0.6197143479
785,129,Battery,99,2,nakamura,-0.9350207608,0.5934616525
786,1,Bag,99,2,nakamura,0.121098735,-0.7679798984
787,127,Hard Disk,99,2,nakamura,-0.466495355,0.2774165916
788,132,Monitor,99,2,nakamura,-0.3754790279,0.486889795
789,41,Switch,99,2,nakamura,-0.6581566039,0.6492028829
790,175,Desktop,99,2,nakamura,-0.3045438128,0.3082221384
791,121,Motor,99,2,nakamura,-0.7490205292,0.2659290084
792,94,Whiteboard,100,2,nakamura,-0.5646222015,0.7182103107
793,125,RAM,100,2,nakamura,-0.7377128677,-0.7356999283
794,20,Bottle,100,2,nakamura,0.3429490999,-0.1573728939
795,67,Mouse,100,2,nakamura,-0.5702902069,-0.8904945302
796,192,Briefcase,100,2,nakamura,0.3424245608,-0.608646697
797,6,Slipper,100,2,nakamura,0.1314630428,-0.8489312016
798,160,Spray,100,2,nakamura,0.3494608967,0.3649546637
799,70,Tape,100,2,nakamura,-0.776405954,0.3850061562
800,188,Toothbrush,101,2,nakamura,0.3627036399,0.0452081617
801,5,Shoes,101,2,nakamura,-0.2153042845,-0.7852715092
802,51,Smoke detector,101,2,nakamura,-0.2800973613,0.8469996483
803,71,Box,101,2,nakamura,0.0766418688,-0.7825084739
804,139,Teapot,101,2,nakamura,0.2254906267,0.4216817568
805,11,Bed,101,2,nakamura,-0.7300466007,-0.5534081908
806,100,Projector,101,2,nakamura,-0.7625385663,0.4131066866
807,163,Tissue,101,2,nakamura,0.0022812511,0.0337603202
808,179,Wallet,102,2,nakamura,0.1419371114,-0.6077976827
809,39,Towel,102,2,nakamura,0.2822650362,0.0578998547
810,17,Laptop,102,2,nakamura,-0.7102176516,0.6649820836
811,69,Cable,102,2,nakamura,-0.8474240697,0.8366504433
812,95,Marker Pen,102,2,nakamura,-0.6168460463,-0.8608829634
813,196,Calender,102,2,nakamura,-0.8016689545,-0.5684153591
814,206,Chopsticks,102,2,nakamura,0.1598056549,0.7785984428
815,176,Television,102,2,nakamura,-0.8324262393,0.3926506947
